{
  "shaders": [
    {
      "resourceLocation": {
        "namespace": "darkmodeeverywhere",
        "path": "perfect_dark"
      },
      "displayName": "gui.darkmodeeverywhere.perfect_dark",
      "darkColorReplacement": 16777215
    },
    {
      "resourceLocation": {
        "namespace": "darkmodeeverywhere",
        "path": "less_perfect_dark"
      },
      "displayName": "gui.darkmodeeverywhere.less_perfect_dark",
      "darkColorReplacement": 16777215
    },
    {
      "resourceLocation": {
        "namespace": "darkmodeeverywhere",
        "path": "toasted_light"
      },
      "displayName": "gui.darkmodeeverywhere.toasted_light",
      "darkColorReplacement": 16777215
    }
  ],
  "version": 1,
  "selectedShader": "darkmodeeverywhere:perfect_dark"
}